classification,avg_pnl,win_rate,trades,total_pnl
Extreme Fear,81.13343733493436,0.8466218379763049,6246,506759.449594
Fear,82.93672898685887,0.8986916753502373,17274,1432649.056519
Neutral,52.8498142245,0.8618,10000,528498.142245
Greed,89.21593034640932,0.8662739691690688,7979,711853.908234
Extreme Greed,61.896580918103446,0.8877919911012235,7192,445160.209963
